{
	"uuid": "01a1f614-b23a-11eb-8529-0242ac130003",
	"title": "Content Blocks",
	"fields": [
		{
			"uuid": "01a1f8c6-b23a-11eb-8529-0242ac130003",
			"label": "Content Blocks",
			"name": "content_blocks",
			"type": "flexible",
			"instructions": "Instructions",
			"required": false,
			"conditional_logic": null,
			"wrapper": {
				"width": 100
			},
			"layouts": {
				"Banner": {
					"key": "95b622d8-b7c3-11eb-8529-0242ac130003",
					"name": "banner",
					"label": "Banner",
					"display": "block",
					"sub_fields": [
						{
							"uuid": "95b62508-b7c3-11eb-8529-0242ac130003",
							"label": "Post",
							"name": "text",
							"type": "text",
							"instructions": "Add a post for the section.",
							"required": false,
							"conditional_logic": null,
							"wrapper": {
								"width": 50
							},
							"options": {}
						}
					]
				}
			}
		}
	],
	"location": [
	]
}